,Unnamed: 0,Unnamed: 0.1,county,confirmed_cases_4_14_2020,deaths_4_14_2020,<20,20-29,30-39,40-49,50-59,60-69,70-79,80+,White,Black,Left Blank,Other,Asian,Hispanic,NH/PI*,AI/AN**,Male,Female,Unknown/Left Blank,State,Unemployment_rate_2018,Median_Household_Income_2018,Med_HH_Income_Percent_of_State_Total_2018,Area_name,all_ages_poverty_2018,all_ages_poverty_rate_2018,median_HH_2018
0,0,2,Adams,27.0,0.0,0.0,0.0,0.0,0.0,6.0,0.0,0.0,0.0,16.0,0.0,0.0,0.0,0.0,0.0,0.0,0.0,14.0,0.0,0.0,IL,3.9,55174.0,84.8,Adams County,"46,711",9.2,70199
1,0,2,Adams,27.0,0.0,0.0,0.0,0.0,0.0,6.0,0.0,0.0,0.0,16.0,0.0,0.0,0.0,0.0,0.0,0.0,0.0,14.0,0.0,0.0,IL,3.9,55174.0,84.8,Adams County,554,13.2,45311
2,0,2,Adams,27.0,0.0,0.0,0.0,0.0,0.0,6.0,0.0,0.0,0.0,16.0,0.0,0.0,0.0,0.0,0.0,0.0,0.0,14.0,0.0,0.0,IL,3.9,55174.0,84.8,Adams County,"7,803",12.3,55174
3,0,2,Adams,27.0,0.0,0.0,0.0,0.0,0.0,6.0,0.0,0.0,0.0,16.0,0.0,0.0,0.0,0.0,0.0,0.0,0.0,14.0,0.0,0.0,IL,3.9,55174.0,84.8,Adams County,"4,056",11.6,56693
4,0,2,Adams,27.0,0.0,0.0,0.0,0.0,0.0,6.0,0.0,0.0,0.0,16.0,0.0,0.0,0.0,0.0,0.0,0.0,0.0,14.0,0.0,0.0,IL,3.9,55174.0,84.8,Adams County,460,12.7,51577
5,0,2,Adams,27.0,0.0,0.0,0.0,0.0,0.0,6.0,0.0,0.0,0.0,16.0,0.0,0.0,0.0,0.0,0.0,0.0,0.0,14.0,0.0,0.0,IL,3.9,55174.0,84.8,Adams County,"8,478",29.4,33392
6,0,2,Adams,27.0,0.0,0.0,0.0,0.0,0.0,6.0,0.0,0.0,0.0,16.0,0.0,0.0,0.0,0.0,0.0,0.0,0.0,14.0,0.0,0.0,IL,3.9,55174.0,84.8,Adams County,"3,558",11.8,55167
7,0,2,Adams,27.0,0.0,0.0,0.0,0.0,0.0,6.0,0.0,0.0,0.0,16.0,0.0,0.0,0.0,0.0,0.0,0.0,0.0,14.0,0.0,0.0,IL,3.9,55174.0,84.8,Adams County,234,10.4,53162
8,0,2,Adams,27.0,0.0,0.0,0.0,0.0,0.0,6.0,0.0,0.0,0.0,16.0,0.0,0.0,0.0,0.0,0.0,0.0,0.0,14.0,0.0,0.0,IL,3.9,55174.0,84.8,Adams County,"5,382",19.7,42154
9,0,2,Adams,27.0,0.0,0.0,0.0,0.0,0.0,6.0,0.0,0.0,0.0,16.0,0.0,0.0,0.0,0.0,0.0,0.0,0.0,14.0,0.0,0.0,IL,3.9,55174.0,84.8,Adams County,"7,919",8.0,62877
10,0,2,Adams,27.0,0.0,0.0,0.0,0.0,0.0,6.0,0.0,0.0,0.0,16.0,0.0,0.0,0.0,0.0,0.0,0.0,0.0,14.0,0.0,0.0,IL,3.9,55174.0,84.8,Adams County,"3,046",15.6,52012
11,0,2,Adams,27.0,0.0,0.0,0.0,0.0,0.0,6.0,0.0,0.0,0.0,16.0,0.0,0.0,0.0,0.0,0.0,0.0,0.0,14.0,0.0,0.0,IL,3.9,55174.0,84.8,Adams County,"2,924",15.3,43000
12,1,5,Boone,16.0,1.0,0.0,0.0,0.0,0.0,0.0,0.0,0.0,0.0,0.0,0.0,6.0,0.0,0.0,0.0,0.0,0.0,0.0,6.0,0.0,IL,5.8,74507.0,114.5,Boone County,"5,472",14.8,44482
13,1,5,Boone,16.0,1.0,0.0,0.0,0.0,0.0,0.0,0.0,0.0,0.0,0.0,0.0,6.0,0.0,0.0,0.0,0.0,0.0,0.0,6.0,0.0,IL,5.8,74507.0,114.5,Boone County,"4,909",9.2,74507
14,1,5,Boone,16.0,1.0,0.0,0.0,0.0,0.0,0.0,0.0,0.0,0.0,0.0,0.0,6.0,0.0,0.0,0.0,0.0,0.0,0.0,6.0,0.0,IL,5.8,74507.0,114.5,Boone County,"3,585",5.4,85876
15,1,5,Boone,16.0,1.0,0.0,0.0,0.0,0.0,0.0,0.0,0.0,0.0,0.0,0.0,6.0,0.0,0.0,0.0,0.0,0.0,0.0,6.0,0.0,IL,5.8,74507.0,114.5,Boone County,"2,274",8.8,63099
16,1,5,Boone,16.0,1.0,0.0,0.0,0.0,0.0,0.0,0.0,0.0,0.0,0.0,0.0,6.0,0.0,0.0,0.0,0.0,0.0,0.0,6.0,0.0,IL,5.8,74507.0,114.5,Boone County,"8,371",6.4,77696
17,1,5,Boone,16.0,1.0,0.0,0.0,0.0,0.0,0.0,0.0,0.0,0.0,0.0,0.0,6.0,0.0,0.0,0.0,0.0,0.0,0.0,6.0,0.0,IL,5.8,74507.0,114.5,Boone County,"28,584",16.8,55136
18,1,5,Boone,16.0,1.0,0.0,0.0,0.0,0.0,0.0,0.0,0.0,0.0,0.0,0.0,6.0,0.0,0.0,0.0,0.0,0.0,0.0,6.0,0.0,IL,5.8,74507.0,114.5,Boone County,470,9.2,51911
19,1,5,Boone,16.0,1.0,0.0,0.0,0.0,0.0,0.0,0.0,0.0,0.0,0.0,0.0,6.0,0.0,0.0,0.0,0.0,0.0,0.0,6.0,0.0,IL,5.8,74507.0,114.5,Boone County,"4,890",22.5,38110
20,2,11,Champaign,90.0,2.0,0.0,6.0,0.0,0.0,8.0,6.0,0.0,0.0,25.0,0.0,0.0,0.0,0.0,0.0,0.0,0.0,15.0,35.0,0.0,IL,4.4,53251.0,81.8,Champaign County,"37,121",19.2,53251
21,2,11,Champaign,90.0,2.0,0.0,6.0,0.0,0.0,8.0,6.0,0.0,0.0,25.0,0.0,0.0,0.0,0.0,0.0,0.0,0.0,15.0,35.0,0.0,IL,4.4,53251.0,81.8,Champaign County,"3,809",10.0,57701
22,3,12,Christian,24.0,3.0,0.0,0.0,0.0,0.0,0.0,0.0,7.0,6.0,16.0,0.0,0.0,0.0,0.0,0.0,0.0,0.0,6.0,15.0,0.0,IL,5.3,52936.0,81.4,Christian County,"3,882",12.5,52936
23,3,12,Christian,24.0,3.0,0.0,0.0,0.0,0.0,0.0,0.0,7.0,6.0,16.0,0.0,0.0,0.0,0.0,0.0,0.0,0.0,6.0,15.0,0.0,IL,5.3,52936.0,81.4,Christian County,"11,906",18.2,40299
24,3,12,Christian,24.0,3.0,0.0,0.0,0.0,0.0,0.0,0.0,7.0,6.0,16.0,0.0,0.0,0.0,0.0,0.0,0.0,0.0,6.0,15.0,0.0,IL,5.3,52936.0,81.4,Christian County,"7,388",8.6,58057
25,4,15,Clinton,39.0,0.0,0.0,0.0,0.0,0.0,0.0,0.0,0.0,0.0,0.0,0.0,0.0,0.0,0.0,0.0,0.0,0.0,0.0,0.0,0.0,IL,3.6,66597.0,102.4,Clinton County,"2,924",8.2,66597
26,4,15,Clinton,39.0,0.0,0.0,0.0,0.0,0.0,0.0,0.0,0.0,0.0,0.0,0.0,0.0,0.0,0.0,0.0,0.0,0.0,0.0,0.0,0.0,IL,3.6,66597.0,102.4,Clinton County,"3,732",11.9,51730
27,4,15,Clinton,39.0,0.0,0.0,0.0,0.0,0.0,0.0,0.0,0.0,0.0,0.0,0.0,0.0,0.0,0.0,0.0,0.0,0.0,0.0,0.0,0.0,IL,3.6,66597.0,102.4,Clinton County,"5,727",12.5,51317
28,4,15,Clinton,39.0,0.0,0.0,0.0,0.0,0.0,0.0,0.0,0.0,0.0,0.0,0.0,0.0,0.0,0.0,0.0,0.0,0.0,0.0,0.0,0.0,IL,3.6,66597.0,102.4,Clinton County,"2,580",25.7,31118
29,4,15,Clinton,39.0,0.0,0.0,0.0,0.0,0.0,0.0,0.0,0.0,0.0,0.0,0.0,0.0,0.0,0.0,0.0,0.0,0.0,0.0,0.0,0.0,IL,3.6,66597.0,102.4,Clinton County,"5,896",7.5,70967
30,4,15,Clinton,39.0,0.0,0.0,0.0,0.0,0.0,0.0,0.0,0.0,0.0,0.0,0.0,0.0,0.0,0.0,0.0,0.0,0.0,0.0,0.0,0.0,IL,3.6,66597.0,102.4,Clinton County,"1,793",9.0,58641
31,4,15,Clinton,39.0,0.0,0.0,0.0,0.0,0.0,0.0,0.0,0.0,0.0,0.0,0.0,0.0,0.0,0.0,0.0,0.0,0.0,0.0,0.0,0.0,IL,3.6,66597.0,102.4,Clinton County,"9,779",13.2,55517
32,4,15,Clinton,39.0,0.0,0.0,0.0,0.0,0.0,0.0,0.0,0.0,0.0,0.0,0.0,0.0,0.0,0.0,0.0,0.0,0.0,0.0,0.0,0.0,IL,3.6,66597.0,102.4,Clinton County,"4,802",11.8,53947
33,4,15,Clinton,39.0,0.0,0.0,0.0,0.0,0.0,0.0,0.0,0.0,0.0,0.0,0.0,0.0,0.0,0.0,0.0,0.0,0.0,0.0,0.0,0.0,IL,3.6,66597.0,102.4,Clinton County,"4,506",12.3,50999
34,5,17,Cook,7114.0,269.0,138.0,1779.0,2434.0,2804.0,3095.0,2396.0,1350.0,907.0,3069.0,5006.0,4204.0,607.0,372.0,1805.0,0.0,0.0,7647.0,8009.0,73.0,IL,4.0,63347.0,97.4,Cook County,"4,156",24.5,38827
35,5,17,Cook,7114.0,269.0,138.0,1779.0,2434.0,2804.0,3095.0,2396.0,1350.0,907.0,3069.0,5006.0,4204.0,607.0,372.0,1805.0,0.0,0.0,7647.0,8009.0,73.0,IL,4.0,63347.0,97.4,Cook County,"701,869",13.8,63347
36,5,17,Cook,7114.0,269.0,138.0,1779.0,2434.0,2804.0,3095.0,2396.0,1350.0,907.0,3069.0,5006.0,4204.0,607.0,372.0,1805.0,0.0,0.0,7647.0,8009.0,73.0,IL,4.0,63347.0,97.4,Cook County,511,9.6,54465
37,6,20,DeKalb,37.0,1.0,0.0,0.0,0.0,0.0,0.0,0.0,0.0,0.0,8.0,10.0,0.0,0.0,0.0,0.0,0.0,0.0,0.0,16.0,0.0,IL,4.4,63274.0,97.3,DeKalb County,"14,975",21.3,39491
38,6,20,DeKalb,37.0,1.0,0.0,0.0,0.0,0.0,0.0,0.0,0.0,0.0,8.0,10.0,0.0,0.0,0.0,0.0,0.0,0.0,0.0,16.0,0.0,IL,4.4,63274.0,97.3,DeKalb County,"106,598",14.3,63477
39,6,20,DeKalb,37.0,1.0,0.0,0.0,0.0,0.0,0.0,0.0,0.0,0.0,8.0,10.0,0.0,0.0,0.0,0.0,0.0,0.0,0.0,16.0,0.0,IL,4.4,63274.0,97.3,DeKalb County,"12,877",13.1,63274
40,6,20,DeKalb,37.0,1.0,0.0,0.0,0.0,0.0,0.0,0.0,0.0,0.0,8.0,10.0,0.0,0.0,0.0,0.0,0.0,0.0,0.0,16.0,0.0,IL,4.4,63274.0,97.3,DeKalb County,"1,470",16.0,48920
41,6,20,DeKalb,37.0,1.0,0.0,0.0,0.0,0.0,0.0,0.0,0.0,0.0,8.0,10.0,0.0,0.0,0.0,0.0,0.0,0.0,0.0,16.0,0.0,IL,4.4,63274.0,97.3,DeKalb County,"3,435",17.4,47420
42,7,22,Douglas,11.0,0.0,0.0,0.0,0.0,0.0,0.0,0.0,0.0,0.0,6.0,0.0,0.0,0.0,0.0,0.0,0.0,0.0,0.0,0.0,0.0,IL,4.1,56976.0,87.6,Douglas County,"8,975",2.6,120670
43,7,22,Douglas,11.0,0.0,0.0,0.0,0.0,0.0,0.0,0.0,0.0,0.0,6.0,0.0,0.0,0.0,0.0,0.0,0.0,0.0,0.0,0.0,0.0,IL,4.1,56976.0,87.6,Douglas County,"18,113",12.6,60512
44,7,22,Douglas,11.0,0.0,0.0,0.0,0.0,0.0,0.0,0.0,0.0,0.0,6.0,0.0,0.0,0.0,0.0,0.0,0.0,0.0,0.0,0.0,0.0,IL,4.1,56976.0,87.6,Douglas County,"1,764",9.2,56976
45,7,22,Douglas,11.0,0.0,0.0,0.0,0.0,0.0,0.0,0.0,0.0,0.0,6.0,0.0,0.0,0.0,0.0,0.0,0.0,0.0,0.0,0.0,0.0,IL,4.1,56976.0,87.6,Douglas County,"19,181",17.0,57120
46,7,22,Douglas,11.0,0.0,0.0,0.0,0.0,0.0,0.0,0.0,0.0,0.0,6.0,0.0,0.0,0.0,0.0,0.0,0.0,0.0,0.0,0.0,0.0,IL,4.1,56976.0,87.6,Douglas County,"3,304",8.8,60979
47,7,22,Douglas,11.0,0.0,0.0,0.0,0.0,0.0,0.0,0.0,0.0,0.0,6.0,0.0,0.0,0.0,0.0,0.0,0.0,0.0,0.0,0.0,0.0,IL,4.1,56976.0,87.6,Douglas County,"2,593",19.7,36762
48,7,22,Douglas,11.0,0.0,0.0,0.0,0.0,0.0,0.0,0.0,0.0,0.0,6.0,0.0,0.0,0.0,0.0,0.0,0.0,0.0,0.0,0.0,0.0,IL,4.1,56976.0,87.6,Douglas County,"64,276",11.6,64580
49,7,22,Douglas,11.0,0.0,0.0,0.0,0.0,0.0,0.0,0.0,0.0,0.0,6.0,0.0,0.0,0.0,0.0,0.0,0.0,0.0,0.0,0.0,0.0,IL,4.1,56976.0,87.6,Douglas County,"3,457",7.2,70495
50,7,22,Douglas,11.0,0.0,0.0,0.0,0.0,0.0,0.0,0.0,0.0,0.0,6.0,0.0,0.0,0.0,0.0,0.0,0.0,0.0,0.0,0.0,0.0,IL,4.1,56976.0,87.6,Douglas County,"16,387",15.0,47020
51,7,22,Douglas,11.0,0.0,0.0,0.0,0.0,0.0,0.0,0.0,0.0,0.0,6.0,0.0,0.0,0.0,0.0,0.0,0.0,0.0,0.0,0.0,0.0,IL,4.1,56976.0,87.6,Douglas County,340,12.1,55159
52,7,22,Douglas,11.0,0.0,0.0,0.0,0.0,0.0,0.0,0.0,0.0,0.0,6.0,0.0,0.0,0.0,0.0,0.0,0.0,0.0,0.0,0.0,0.0,IL,4.1,56976.0,87.6,Douglas County,"4,450",10.4,65912
53,7,22,Douglas,11.0,0.0,0.0,0.0,0.0,0.0,0.0,0.0,0.0,0.0,6.0,0.0,0.0,0.0,0.0,0.0,0.0,0.0,0.0,0.0,0.0,IL,4.1,56976.0,87.6,Douglas County,"4,902",11.7,50637
54,8,23,DuPage,1386.0,66.0,0.0,102.0,146.0,177.0,180.0,183.0,96.0,92.0,461.0,43.0,311.0,34.0,45.0,163.0,0.0,0.0,614.0,692.0,0.0,IL,3.1,93540.0,143.8,DuPage County,"60,169",6.6,93540
55,9,27,Fayette,12.0,1.0,0.0,0.0,0.0,0.0,0.0,0.0,0.0,0.0,6.0,0.0,0.0,0.0,0.0,0.0,0.0,0.0,0.0,0.0,0.0,IL,5.3,47484.0,73.0,Fayette County,"3,801",23.5,39254
56,9,27,Fayette,12.0,1.0,0.0,0.0,0.0,0.0,0.0,0.0,0.0,0.0,6.0,0.0,0.0,0.0,0.0,0.0,0.0,0.0,0.0,0.0,0.0,IL,5.3,47484.0,73.0,Fayette County,"5,689",5.0,95021
57,9,27,Fayette,12.0,1.0,0.0,0.0,0.0,0.0,0.0,0.0,0.0,0.0,6.0,0.0,0.0,0.0,0.0,0.0,0.0,0.0,0.0,0.0,0.0,IL,5.3,47484.0,73.0,Fayette County,"2,924",14.9,47484
58,9,27,Fayette,12.0,1.0,0.0,0.0,0.0,0.0,0.0,0.0,0.0,0.0,6.0,0.0,0.0,0.0,0.0,0.0,0.0,0.0,0.0,0.0,0.0,IL,5.3,47484.0,73.0,Fayette County,"3,280",14.5,47737
59,9,27,Fayette,12.0,1.0,0.0,0.0,0.0,0.0,0.0,0.0,0.0,0.0,6.0,0.0,0.0,0.0,0.0,0.0,0.0,0.0,0.0,0.0,0.0,IL,5.3,47484.0,73.0,Fayette County,"2,203",11.7,50893
60,9,27,Fayette,12.0,1.0,0.0,0.0,0.0,0.0,0.0,0.0,0.0,0.0,6.0,0.0,0.0,0.0,0.0,0.0,0.0,0.0,0.0,0.0,0.0,IL,5.3,47484.0,73.0,Fayette County,"45,485",14.6,55358
61,9,27,Fayette,12.0,1.0,0.0,0.0,0.0,0.0,0.0,0.0,0.0,0.0,6.0,0.0,0.0,0.0,0.0,0.0,0.0,0.0,0.0,0.0,0.0,IL,5.3,47484.0,73.0,Fayette County,"4,227",15.1,47733
62,9,27,Fayette,12.0,1.0,0.0,0.0,0.0,0.0,0.0,0.0,0.0,0.0,6.0,0.0,0.0,0.0,0.0,0.0,0.0,0.0,0.0,0.0,0.0,IL,5.3,47484.0,73.0,Fayette County,"18,475",14.6,50381
63,9,27,Fayette,12.0,1.0,0.0,0.0,0.0,0.0,0.0,0.0,0.0,0.0,6.0,0.0,0.0,0.0,0.0,0.0,0.0,0.0,0.0,0.0,0.0,IL,5.3,47484.0,73.0,Fayette County,"5,227",13.1,59529
64,9,27,Fayette,12.0,1.0,0.0,0.0,0.0,0.0,0.0,0.0,0.0,0.0,6.0,0.0,0.0,0.0,0.0,0.0,0.0,0.0,0.0,0.0,0.0,IL,5.3,47484.0,73.0,Fayette County,"3,322",13.3,55776
65,9,27,Fayette,12.0,1.0,0.0,0.0,0.0,0.0,0.0,0.0,0.0,0.0,6.0,0.0,0.0,0.0,0.0,0.0,0.0,0.0,0.0,0.0,0.0,IL,5.3,47484.0,73.0,Fayette County,"9,236",22.5,37867
66,10,33,Grundy,24.0,0.0,0.0,0.0,0.0,0.0,0.0,0.0,0.0,0.0,0.0,0.0,7.0,0.0,0.0,0.0,0.0,0.0,0.0,10.0,0.0,IL,4.7,79348.0,122.0,Grundy County,"2,991",5.9,79348
67,10,33,Grundy,24.0,0.0,0.0,0.0,0.0,0.0,0.0,0.0,0.0,0.0,0.0,0.0,7.0,0.0,0.0,0.0,0.0,0.0,0.0,10.0,0.0,IL,4.7,79348.0,122.0,Grundy County,819,6.8,65060
68,10,33,Grundy,24.0,0.0,0.0,0.0,0.0,0.0,0.0,0.0,0.0,0.0,0.0,0.0,7.0,0.0,0.0,0.0,0.0,0.0,0.0,10.0,0.0,IL,4.7,79348.0,122.0,Grundy County,"1,583",16.6,40315
69,10,33,Grundy,24.0,0.0,0.0,0.0,0.0,0.0,0.0,0.0,0.0,0.0,0.0,0.0,7.0,0.0,0.0,0.0,0.0,0.0,0.0,10.0,0.0,IL,4.7,79348.0,122.0,Grundy County,"2,787",21.2,36317
70,11,38,Henry,25.0,0.0,0.0,0.0,0.0,0.0,0.0,0.0,0.0,0.0,0.0,0.0,0.0,0.0,0.0,0.0,0.0,0.0,0.0,0.0,0.0,IL,5.0,58042.0,89.2,Henry County,"3,037",17.9,46027
71,11,38,Henry,25.0,0.0,0.0,0.0,0.0,0.0,0.0,0.0,0.0,0.0,0.0,0.0,0.0,0.0,0.0,0.0,0.0,0.0,0.0,0.0,0.0,IL,5.0,58042.0,89.2,Henry County,"17,086",7.5,72970
72,11,38,Henry,25.0,0.0,0.0,0.0,0.0,0.0,0.0,0.0,0.0,0.0,0.0,0.0,0.0,0.0,0.0,0.0,0.0,0.0,0.0,0.0,0.0,IL,5.0,58042.0,89.2,Henry County,"5,558",11.5,58042
73,11,38,Henry,25.0,0.0,0.0,0.0,0.0,0.0,0.0,0.0,0.0,0.0,0.0,0.0,0.0,0.0,0.0,0.0,0.0,0.0,0.0,0.0,0.0,IL,5.0,58042.0,89.2,Henry County,"6,434",14.4,50183
74,11,38,Henry,25.0,0.0,0.0,0.0,0.0,0.0,0.0,0.0,0.0,0.0,0.0,0.0,0.0,0.0,0.0,0.0,0.0,0.0,0.0,0.0,0.0,IL,5.0,58042.0,89.2,Henry County,"2,020",11.0,55856
75,11,38,Henry,25.0,0.0,0.0,0.0,0.0,0.0,0.0,0.0,0.0,0.0,0.0,0.0,0.0,0.0,0.0,0.0,0.0,0.0,0.0,0.0,0.0,IL,5.0,58042.0,89.2,Henry County,"2,273",14.3,53405
76,11,38,Henry,25.0,0.0,0.0,0.0,0.0,0.0,0.0,0.0,0.0,0.0,0.0,0.0,0.0,0.0,0.0,0.0,0.0,0.0,0.0,0.0,0.0,IL,5.0,58042.0,89.2,Henry County,"3,606",16.8,44978
77,11,38,Henry,25.0,0.0,0.0,0.0,0.0,0.0,0.0,0.0,0.0,0.0,0.0,0.0,0.0,0.0,0.0,0.0,0.0,0.0,0.0,0.0,0.0,IL,5.0,58042.0,89.2,Henry County,"2,865",10.8,57705
78,11,38,Henry,25.0,0.0,0.0,0.0,0.0,0.0,0.0,0.0,0.0,0.0,0.0,0.0,0.0,0.0,0.0,0.0,0.0,0.0,0.0,0.0,0.0,IL,5.0,58042.0,89.2,Henry County,"5,982",18.8,43159
79,11,38,Henry,25.0,0.0,0.0,0.0,0.0,0.0,0.0,0.0,0.0,0.0,0.0,0.0,0.0,0.0,0.0,0.0,0.0,0.0,0.0,0.0,0.0,IL,5.0,58042.0,89.2,Henry County,"10,068",20.0,36471
80,12,40,Jackson,39.0,4.0,0.0,12.0,0.0,0.0,0.0,0.0,0.0,7.0,8.0,10.0,6.0,0.0,0.0,0.0,0.0,0.0,11.0,15.0,0.0,IL,4.6,41445.0,63.7,Jackson County,"10,046",19.7,41929
81,12,40,Jackson,39.0,4.0,0.0,12.0,0.0,0.0,0.0,0.0,0.0,7.0,8.0,10.0,6.0,0.0,0.0,0.0,0.0,0.0,11.0,15.0,0.0,IL,4.6,41445.0,63.7,Jackson County,"3,732",25.6,36573
82,12,40,Jackson,39.0,4.0,0.0,12.0,0.0,0.0,0.0,0.0,0.0,7.0,8.0,10.0,6.0,0.0,0.0,0.0,0.0,0.0,11.0,15.0,0.0,IL,4.6,41445.0,63.7,Jackson County,188,13.4,51457
83,12,40,Jackson,39.0,4.0,0.0,12.0,0.0,0.0,0.0,0.0,0.0,7.0,8.0,10.0,6.0,0.0,0.0,0.0,0.0,0.0,11.0,15.0,0.0,IL,4.6,41445.0,63.7,Jackson County,"9,492",23.5,39545
84,12,40,Jackson,39.0,4.0,0.0,12.0,0.0,0.0,0.0,0.0,0.0,7.0,8.0,10.0,6.0,0.0,0.0,0.0,0.0,0.0,11.0,15.0,0.0,IL,4.6,41445.0,63.7,Jackson County,"6,059",8.7,68984
85,12,40,Jackson,39.0,4.0,0.0,12.0,0.0,0.0,0.0,0.0,0.0,7.0,8.0,10.0,6.0,0.0,0.0,0.0,0.0,0.0,11.0,15.0,0.0,IL,4.6,41445.0,63.7,Jackson County,"13,868",25.7,41445
86,12,40,Jackson,39.0,4.0,0.0,12.0,0.0,0.0,0.0,0.0,0.0,7.0,8.0,10.0,6.0,0.0,0.0,0.0,0.0,0.0,11.0,15.0,0.0,IL,4.6,41445.0,63.7,Jackson County,"5,183",12.0,55518
87,12,40,Jackson,39.0,4.0,0.0,12.0,0.0,0.0,0.0,0.0,0.0,7.0,8.0,10.0,6.0,0.0,0.0,0.0,0.0,0.0,11.0,15.0,0.0,IL,4.6,41445.0,63.7,Jackson County,"2,123",11.1,54663
88,12,40,Jackson,39.0,4.0,0.0,12.0,0.0,0.0,0.0,0.0,0.0,7.0,8.0,10.0,6.0,0.0,0.0,0.0,0.0,0.0,11.0,15.0,0.0,IL,4.6,41445.0,63.7,Jackson County,"1,375",10.5,56330
89,12,40,Jackson,39.0,4.0,0.0,12.0,0.0,0.0,0.0,0.0,0.0,7.0,8.0,10.0,6.0,0.0,0.0,0.0,0.0,0.0,11.0,15.0,0.0,IL,4.6,41445.0,63.7,Jackson County,"3,506",26.5,35317
90,12,40,Jackson,39.0,4.0,0.0,12.0,0.0,0.0,0.0,0.0,0.0,7.0,8.0,10.0,6.0,0.0,0.0,0.0,0.0,0.0,11.0,15.0,0.0,IL,4.6,41445.0,63.7,Jackson County,"20,553",13.7,52047
91,12,40,Jackson,39.0,4.0,0.0,12.0,0.0,0.0,0.0,0.0,0.0,7.0,8.0,10.0,6.0,0.0,0.0,0.0,0.0,0.0,11.0,15.0,0.0,IL,4.6,41445.0,63.7,Jackson County,864,8.8,57786
92,12,40,Jackson,39.0,4.0,0.0,12.0,0.0,0.0,0.0,0.0,0.0,7.0,8.0,10.0,6.0,0.0,0.0,0.0,0.0,0.0,11.0,15.0,0.0,IL,4.6,41445.0,63.7,Jackson County,"25,348",17.9,51771
93,12,40,Jackson,39.0,4.0,0.0,12.0,0.0,0.0,0.0,0.0,0.0,7.0,8.0,10.0,6.0,0.0,0.0,0.0,0.0,0.0,11.0,15.0,0.0,IL,4.6,41445.0,63.7,Jackson County,"89,787",13.0,55864
94,12,40,Jackson,39.0,4.0,0.0,12.0,0.0,0.0,0.0,0.0,0.0,7.0,8.0,10.0,6.0,0.0,0.0,0.0,0.0,0.0,11.0,15.0,0.0,IL,4.6,41445.0,63.7,Jackson County,"6,570",16.7,44502
95,12,40,Jackson,39.0,4.0,0.0,12.0,0.0,0.0,0.0,0.0,0.0,7.0,8.0,10.0,6.0,0.0,0.0,0.0,0.0,0.0,11.0,15.0,0.0,IL,4.6,41445.0,63.7,Jackson County,"5,350",16.8,44726
96,12,40,Jackson,39.0,4.0,0.0,12.0,0.0,0.0,0.0,0.0,0.0,7.0,8.0,10.0,6.0,0.0,0.0,0.0,0.0,0.0,11.0,15.0,0.0,IL,4.6,41445.0,63.7,Jackson County,"3,704",15.3,47747
97,12,40,Jackson,39.0,4.0,0.0,12.0,0.0,0.0,0.0,0.0,0.0,7.0,8.0,10.0,6.0,0.0,0.0,0.0,0.0,0.0,11.0,15.0,0.0,IL,4.6,41445.0,63.7,Jackson County,"32,137",14.8,55511
98,12,40,Jackson,39.0,4.0,0.0,12.0,0.0,0.0,0.0,0.0,0.0,7.0,8.0,10.0,6.0,0.0,0.0,0.0,0.0,0.0,11.0,15.0,0.0,IL,4.6,41445.0,63.7,Jackson County,"1,070",32.7,34122
99,12,40,Jackson,39.0,4.0,0.0,12.0,0.0,0.0,0.0,0.0,0.0,7.0,8.0,10.0,6.0,0.0,0.0,0.0,0.0,0.0,11.0,15.0,0.0,IL,4.6,41445.0,63.7,Jackson County,"2,286",19.8,37563
100,12,40,Jackson,39.0,4.0,0.0,12.0,0.0,0.0,0.0,0.0,0.0,7.0,8.0,10.0,6.0,0.0,0.0,0.0,0.0,0.0,11.0,15.0,0.0,IL,4.6,41445.0,63.7,Jackson County,"1,885",12.9,54088
101,12,40,Jackson,39.0,4.0,0.0,12.0,0.0,0.0,0.0,0.0,0.0,7.0,8.0,10.0,6.0,0.0,0.0,0.0,0.0,0.0,11.0,15.0,0.0,IL,4.6,41445.0,63.7,Jackson County,"4,732",16.7,48731
102,12,40,Jackson,39.0,4.0,0.0,12.0,0.0,0.0,0.0,0.0,0.0,7.0,8.0,10.0,6.0,0.0,0.0,0.0,0.0,0.0,11.0,15.0,0.0,IL,4.6,41445.0,63.7,Jackson County,"2,289",12.0,52919
103,13,46,Kane,463.0,24.0,0.0,38.0,34.0,51.0,67.0,41.0,14.0,21.0,134.0,21.0,60.0,0.0,0.0,126.0,0.0,0.0,204.0,194.0,0.0,IL,4.9,79834.0,122.7,Kane County,"45,180",8.6,79834
104,13,46,Kane,463.0,24.0,0.0,38.0,34.0,51.0,67.0,41.0,14.0,21.0,134.0,21.0,60.0,0.0,0.0,126.0,0.0,0.0,204.0,194.0,0.0,IL,4.9,79834.0,122.7,Kane County,779,10.5,52355
105,14,47,Kankakee,226.0,10.0,0.0,15.0,26.0,29.0,35.0,23.0,8.0,27.0,78.0,22.0,72.0,0.0,0.0,6.0,0.0,0.0,94.0,95.0,0.0,IL,5.4,53884.0,82.8,Kankakee County,"16,873",16.2,53884
106,15,48,Kendall,116.0,2.0,0.0,0.0,6.0,7.0,19.0,0.0,0.0,0.0,39.0,10.0,0.0,0.0,0.0,7.0,0.0,0.0,31.0,41.0,0.0,IL,3.5,93345.0,143.5,Kendall County,"5,332",4.2,93345
107,15,48,Kendall,116.0,2.0,0.0,0.0,6.0,7.0,19.0,0.0,0.0,0.0,39.0,10.0,0.0,0.0,0.0,7.0,0.0,0.0,31.0,41.0,0.0,IL,3.5,93345.0,143.5,Kendall County,"3,361",7.5,90937
108,16,50,Lake,1711.0,62.0,25.0,189.0,165.0,252.0,306.0,178.0,75.0,80.0,513.0,116.0,337.0,56.0,0.0,355.0,0.0,0.0,752.0,739.0,6.0,IL,4.5,87336.0,134.2,Lake County,"11,689",18.4,45086
109,16,50,Lake,1711.0,62.0,25.0,189.0,165.0,252.0,306.0,178.0,75.0,80.0,513.0,116.0,337.0,56.0,0.0,355.0,0.0,0.0,752.0,739.0,6.0,IL,4.5,87336.0,134.2,Lake County,970,12.6,51802
110,16,50,Lake,1711.0,62.0,25.0,189.0,165.0,252.0,306.0,178.0,75.0,80.0,513.0,116.0,337.0,56.0,0.0,355.0,0.0,0.0,752.0,739.0,6.0,IL,4.5,87336.0,134.2,Lake County,"40,582",11.5,52447
111,16,50,Lake,1711.0,62.0,25.0,189.0,165.0,252.0,306.0,178.0,75.0,80.0,513.0,116.0,337.0,56.0,0.0,355.0,0.0,0.0,752.0,739.0,6.0,IL,4.5,87336.0,134.2,Lake County,"54,353",8.0,87336
112,16,50,Lake,1711.0,62.0,25.0,189.0,165.0,252.0,306.0,178.0,75.0,80.0,513.0,116.0,337.0,56.0,0.0,355.0,0.0,0.0,752.0,739.0,6.0,IL,4.5,87336.0,134.2,Lake County,"74,864",15.7,55280
113,16,50,Lake,1711.0,62.0,25.0,189.0,165.0,252.0,306.0,178.0,75.0,80.0,513.0,116.0,337.0,56.0,0.0,355.0,0.0,0.0,752.0,739.0,6.0,IL,4.5,87336.0,134.2,Lake County,"2,559",22.3,36044
114,16,50,Lake,1711.0,62.0,25.0,189.0,165.0,252.0,306.0,178.0,75.0,80.0,513.0,116.0,337.0,56.0,0.0,355.0,0.0,0.0,752.0,739.0,6.0,IL,4.5,87336.0,134.2,Lake County,900,8.6,61015
115,16,50,Lake,1711.0,62.0,25.0,189.0,165.0,252.0,306.0,178.0,75.0,80.0,513.0,116.0,337.0,56.0,0.0,355.0,0.0,0.0,752.0,739.0,6.0,IL,4.5,87336.0,134.2,Lake County,"5,442",18.2,44833
116,16,50,Lake,1711.0,62.0,25.0,189.0,165.0,252.0,306.0,178.0,75.0,80.0,513.0,116.0,337.0,56.0,0.0,355.0,0.0,0.0,752.0,739.0,6.0,IL,4.5,87336.0,134.2,Lake County,"16,970",7.5,65883
117,16,50,Lake,1711.0,62.0,25.0,189.0,165.0,252.0,306.0,178.0,75.0,80.0,513.0,116.0,337.0,56.0,0.0,355.0,0.0,0.0,752.0,739.0,6.0,IL,4.5,87336.0,134.2,Lake County,"1,360",18.3,44847
118,16,50,Lake,1711.0,62.0,25.0,189.0,165.0,252.0,306.0,178.0,75.0,80.0,513.0,116.0,337.0,56.0,0.0,355.0,0.0,0.0,752.0,739.0,6.0,IL,4.5,87336.0,134.2,Lake County,"1,258",10.2,60733
119,16,50,Lake,1711.0,62.0,25.0,189.0,165.0,252.0,306.0,178.0,75.0,80.0,513.0,116.0,337.0,56.0,0.0,355.0,0.0,0.0,752.0,739.0,6.0,IL,4.5,87336.0,134.2,Lake County,"1,795",36.5,33709
120,18,53,Lee,15.0,0.0,0.0,0.0,0.0,0.0,0.0,0.0,0.0,0.0,0.0,0.0,8.0,0.0,0.0,0.0,0.0,0.0,7.0,0.0,0.0,IL,4.4,54915.0,84.4,Lee County,"30,075",19.0,48937
121,18,53,Lee,15.0,0.0,0.0,0.0,0.0,0.0,0.0,0.0,0.0,0.0,0.0,0.0,8.0,0.0,0.0,0.0,0.0,0.0,7.0,0.0,0.0,IL,4.4,54915.0,84.4,Lee County,"3,098",43.0,28080
122,18,53,Lee,15.0,0.0,0.0,0.0,0.0,0.0,0.0,0.0,0.0,0.0,0.0,0.0,8.0,0.0,0.0,0.0,0.0,0.0,7.0,0.0,0.0,IL,4.4,54915.0,84.4,Lee County,"90,400",12.1,56343
123,18,53,Lee,15.0,0.0,0.0,0.0,0.0,0.0,0.0,0.0,0.0,0.0,0.0,0.0,8.0,0.0,0.0,0.0,0.0,0.0,7.0,0.0,0.0,IL,4.4,54915.0,84.4,Lee County,"3,579",12.4,66090
124,18,53,Lee,15.0,0.0,0.0,0.0,0.0,0.0,0.0,0.0,0.0,0.0,0.0,0.0,8.0,0.0,0.0,0.0,0.0,0.0,7.0,0.0,0.0,IL,4.4,54915.0,84.4,Lee County,"3,148",10.1,54915
125,18,53,Lee,15.0,0.0,0.0,0.0,0.0,0.0,0.0,0.0,0.0,0.0,0.0,0.0,8.0,0.0,0.0,0.0,0.0,0.0,7.0,0.0,0.0,IL,4.4,54915.0,84.4,Lee County,"4,758",14.6,48241
126,18,53,Lee,15.0,0.0,0.0,0.0,0.0,0.0,0.0,0.0,0.0,0.0,0.0,0.0,8.0,0.0,0.0,0.0,0.0,0.0,7.0,0.0,0.0,IL,4.4,54915.0,84.4,Lee County,"2,163",34.4,29124
127,18,53,Lee,15.0,0.0,0.0,0.0,0.0,0.0,0.0,0.0,0.0,0.0,0.0,0.0,8.0,0.0,0.0,0.0,0.0,0.0,7.0,0.0,0.0,IL,4.4,54915.0,84.4,Lee County,"10,977",13.1,51088
128,18,53,Lee,15.0,0.0,0.0,0.0,0.0,0.0,0.0,0.0,0.0,0.0,0.0,0.0,8.0,0.0,0.0,0.0,0.0,0.0,7.0,0.0,0.0,IL,4.4,54915.0,84.4,Lee County,"9,459",15.7,48984
129,18,53,Lee,15.0,0.0,0.0,0.0,0.0,0.0,0.0,0.0,0.0,0.0,0.0,0.0,8.0,0.0,0.0,0.0,0.0,0.0,7.0,0.0,0.0,IL,4.4,54915.0,84.4,Lee County,"4,376",28.1,33199
130,18,53,Lee,15.0,0.0,0.0,0.0,0.0,0.0,0.0,0.0,0.0,0.0,0.0,0.0,8.0,0.0,0.0,0.0,0.0,0.0,7.0,0.0,0.0,IL,4.4,54915.0,84.4,Lee County,"2,049",12.3,55834
131,18,53,Lee,15.0,0.0,0.0,0.0,0.0,0.0,0.0,0.0,0.0,0.0,0.0,0.0,8.0,0.0,0.0,0.0,0.0,0.0,7.0,0.0,0.0,IL,4.4,54915.0,84.4,Lee County,"5,461",24.8,34796
132,19,54,Livingston,17.0,0.0,0.0,0.0,0.0,0.0,0.0,0.0,0.0,0.0,6.0,0.0,0.0,0.0,0.0,0.0,0.0,0.0,0.0,0.0,0.0,IL,4.4,59323.0,91.2,Livingston County,"4,220",12.6,59323
133,19,54,Livingston,17.0,0.0,0.0,0.0,0.0,0.0,0.0,0.0,0.0,0.0,6.0,0.0,0.0,0.0,0.0,0.0,0.0,0.0,0.0,0.0,0.0,IL,4.4,59323.0,91.2,Livingston County,"1,268",13.9,48182
134,19,54,Livingston,17.0,0.0,0.0,0.0,0.0,0.0,0.0,0.0,0.0,0.0,6.0,0.0,0.0,0.0,0.0,0.0,0.0,0.0,0.0,0.0,0.0,IL,4.4,59323.0,91.2,Livingston County,"9,560",5.0,84048
135,19,54,Livingston,17.0,0.0,0.0,0.0,0.0,0.0,0.0,0.0,0.0,0.0,6.0,0.0,0.0,0.0,0.0,0.0,0.0,0.0,0.0,0.0,0.0,IL,4.4,59323.0,91.2,Livingston County,"2,045",15.6,48749
136,19,54,Livingston,17.0,0.0,0.0,0.0,0.0,0.0,0.0,0.0,0.0,0.0,6.0,0.0,0.0,0.0,0.0,0.0,0.0,0.0,0.0,0.0,0.0,IL,4.4,59323.0,91.2,Livingston County,"7,173",12.5,61027
137,20,57,McHenry,264.0,11.0,0.0,0.0,19.0,22.0,35.0,31.0,14.0,7.0,150.0,0.0,19.0,0.0,0.0,18.0,0.0,0.0,122.0,125.0,0.0,IL,3.5,86268.0,132.6,McHenry County,"18,136",5.9,86268
138,20,57,McHenry,264.0,11.0,0.0,0.0,19.0,22.0,35.0,31.0,14.0,7.0,150.0,0.0,19.0,0.0,0.0,18.0,0.0,0.0,122.0,125.0,0.0,IL,3.5,86268.0,132.6,McHenry County,685,11.9,54795
139,21,58,McLean,82.0,2.0,0.0,0.0,0.0,0.0,0.0,9.0,0.0,0.0,0.0,9.0,28.0,0.0,0.0,0.0,0.0,0.0,16.0,36.0,0.0,IL,4.2,67087.0,103.1,McLean County,"23,366",14.4,67087
140,21,58,McLean,82.0,2.0,0.0,0.0,0.0,0.0,0.0,9.0,0.0,0.0,0.0,9.0,28.0,0.0,0.0,0.0,0.0,0.0,16.0,36.0,0.0,IL,4.2,67087.0,103.1,McLean County,"1,263",13.9,48080
141,21,58,McLean,82.0,2.0,0.0,0.0,0.0,0.0,0.0,9.0,0.0,0.0,0.0,9.0,28.0,0.0,0.0,0.0,0.0,0.0,16.0,36.0,0.0,IL,4.2,67087.0,103.1,McLean County,867,9.2,64524
142,22,59,Macon,44.0,5.0,0.0,0.0,0.0,0.0,0.0,0.0,7.0,17.0,21.0,6.0,0.0,0.0,0.0,0.0,0.0,0.0,10.0,27.0,0.0,IL,5.6,50684.0,77.9,Macon County,"5,031",30.2,32495
143,22,59,Macon,44.0,5.0,0.0,0.0,0.0,0.0,0.0,0.0,7.0,17.0,21.0,6.0,0.0,0.0,0.0,0.0,0.0,0.0,10.0,27.0,0.0,IL,5.6,50684.0,77.9,Macon County,"3,417",30.5,32868
144,22,59,Macon,44.0,5.0,0.0,0.0,0.0,0.0,0.0,0.0,7.0,17.0,21.0,6.0,0.0,0.0,0.0,0.0,0.0,0.0,10.0,27.0,0.0,IL,5.6,50684.0,77.9,Macon County,"17,557",17.4,50684
145,22,59,Macon,44.0,5.0,0.0,0.0,0.0,0.0,0.0,0.0,7.0,17.0,21.0,6.0,0.0,0.0,0.0,0.0,0.0,0.0,10.0,27.0,0.0,IL,5.6,50684.0,77.9,Macon County,"2,064",13.9,45440
146,22,59,Macon,44.0,5.0,0.0,0.0,0.0,0.0,0.0,0.0,7.0,17.0,21.0,6.0,0.0,0.0,0.0,0.0,0.0,0.0,10.0,27.0,0.0,IL,5.6,50684.0,77.9,Macon County,"5,700",16.3,46426
147,22,59,Macon,44.0,5.0,0.0,0.0,0.0,0.0,0.0,0.0,7.0,17.0,21.0,6.0,0.0,0.0,0.0,0.0,0.0,0.0,10.0,27.0,0.0,IL,5.6,50684.0,77.9,Macon County,"4,309",18.1,42265
148,23,61,Madison,135.0,2.0,0.0,0.0,0.0,12.0,7.0,0.0,0.0,0.0,28.0,7.0,31.0,0.0,0.0,0.0,0.0,0.0,23.0,49.0,0.0,IL,4.5,60121.0,92.4,Madison County,"42,667",11.9,63755
149,23,61,Madison,135.0,2.0,0.0,0.0,0.0,12.0,7.0,0.0,0.0,0.0,28.0,7.0,31.0,0.0,0.0,0.0,0.0,0.0,23.0,49.0,0.0,IL,4.5,60121.0,92.4,Madison County,"3,002",18.4,42674
150,23,61,Madison,135.0,2.0,0.0,0.0,0.0,12.0,7.0,0.0,0.0,0.0,28.0,7.0,31.0,0.0,0.0,0.0,0.0,0.0,23.0,49.0,0.0,IL,4.5,60121.0,92.4,Madison County,"3,752",22.8,38249
151,23,61,Madison,135.0,2.0,0.0,0.0,0.0,12.0,7.0,0.0,0.0,0.0,28.0,7.0,31.0,0.0,0.0,0.0,0.0,0.0,23.0,49.0,0.0,IL,4.5,60121.0,92.4,Madison County,"4,722",16.1,51338
152,23,61,Madison,135.0,2.0,0.0,0.0,0.0,12.0,7.0,0.0,0.0,0.0,28.0,7.0,31.0,0.0,0.0,0.0,0.0,0.0,23.0,49.0,0.0,IL,4.5,60121.0,92.4,Madison County,"9,232",23.9,41827
153,23,61,Madison,135.0,2.0,0.0,0.0,0.0,12.0,7.0,0.0,0.0,0.0,28.0,7.0,31.0,0.0,0.0,0.0,0.0,0.0,23.0,49.0,0.0,IL,4.5,60121.0,92.4,Madison County,"35,925",13.8,60121
154,23,61,Madison,135.0,2.0,0.0,0.0,0.0,12.0,7.0,0.0,0.0,0.0,28.0,7.0,31.0,0.0,0.0,0.0,0.0,0.0,23.0,49.0,0.0,IL,4.5,60121.0,92.4,Madison County,"20,908",17.0,49522
155,23,61,Madison,135.0,2.0,0.0,0.0,0.0,12.0,7.0,0.0,0.0,0.0,28.0,7.0,31.0,0.0,0.0,0.0,0.0,0.0,23.0,49.0,0.0,IL,4.5,60121.0,92.4,Madison County,"1,127",7.0,74794
156,23,61,Madison,135.0,2.0,0.0,0.0,0.0,12.0,7.0,0.0,0.0,0.0,28.0,7.0,31.0,0.0,0.0,0.0,0.0,0.0,23.0,49.0,0.0,IL,4.5,60121.0,92.4,Madison County,"14,065",16.5,51897
157,23,61,Madison,135.0,2.0,0.0,0.0,0.0,12.0,7.0,0.0,0.0,0.0,28.0,7.0,31.0,0.0,0.0,0.0,0.0,0.0,23.0,49.0,0.0,IL,4.5,60121.0,92.4,Madison County,"9,750",9.4,75740
158,23,61,Madison,135.0,2.0,0.0,0.0,0.0,12.0,7.0,0.0,0.0,0.0,28.0,7.0,31.0,0.0,0.0,0.0,0.0,0.0,23.0,49.0,0.0,IL,4.5,60121.0,92.4,Madison County,"1,982",16.6,40191
159,23,61,Madison,135.0,2.0,0.0,0.0,0.0,12.0,7.0,0.0,0.0,0.0,28.0,7.0,31.0,0.0,0.0,0.0,0.0,0.0,23.0,49.0,0.0,IL,4.5,60121.0,92.4,Madison County,801,9.2,53031
160,23,61,Madison,135.0,2.0,0.0,0.0,0.0,12.0,7.0,0.0,0.0,0.0,28.0,7.0,31.0,0.0,0.0,0.0,0.0,0.0,23.0,49.0,0.0,IL,4.5,60121.0,92.4,Madison County,"3,992",11.7,55226
161,23,61,Madison,135.0,2.0,0.0,0.0,0.0,12.0,7.0,0.0,0.0,0.0,28.0,7.0,31.0,0.0,0.0,0.0,0.0,0.0,23.0,49.0,0.0,IL,4.5,60121.0,92.4,Madison County,"7,121",10.8,59114
162,23,61,Madison,135.0,2.0,0.0,0.0,0.0,12.0,7.0,0.0,0.0,0.0,28.0,7.0,31.0,0.0,0.0,0.0,0.0,0.0,23.0,49.0,0.0,IL,4.5,60121.0,92.4,Madison County,"3,502",17.0,44693
163,23,61,Madison,135.0,2.0,0.0,0.0,0.0,12.0,7.0,0.0,0.0,0.0,28.0,7.0,31.0,0.0,0.0,0.0,0.0,0.0,23.0,49.0,0.0,IL,4.5,60121.0,92.4,Madison County,"4,215",10.7,61645
164,23,61,Madison,135.0,2.0,0.0,0.0,0.0,12.0,7.0,0.0,0.0,0.0,28.0,7.0,31.0,0.0,0.0,0.0,0.0,0.0,23.0,49.0,0.0,IL,4.5,60121.0,92.4,Madison County,"16,631",17.8,46651
165,23,61,Madison,135.0,2.0,0.0,0.0,0.0,12.0,7.0,0.0,0.0,0.0,28.0,7.0,31.0,0.0,0.0,0.0,0.0,0.0,23.0,49.0,0.0,IL,4.5,60121.0,92.4,Madison County,"2,122",17.9,45445
166,23,61,Madison,135.0,2.0,0.0,0.0,0.0,12.0,7.0,0.0,0.0,0.0,28.0,7.0,31.0,0.0,0.0,0.0,0.0,0.0,23.0,49.0,0.0,IL,4.5,60121.0,92.4,Madison County,"1,330",10.1,60450
167,24,62,Marion,17.0,0.0,0.0,0.0,0.0,9.0,7.0,7.0,0.0,0.0,7.0,0.0,19.0,0.0,0.0,0.0,0.0,0.0,6.0,7.0,17.0,IL,4.9,46096.0,70.8,Marion County,"5,844",20.2,37887
168,24,62,Marion,17.0,0.0,0.0,0.0,0.0,9.0,7.0,7.0,0.0,0.0,7.0,0.0,19.0,0.0,0.0,0.0,0.0,0.0,6.0,7.0,17.0,IL,4.9,46096.0,70.8,Marion County,"3,082",18.7,36581
169,24,62,Marion,17.0,0.0,0.0,0.0,0.0,9.0,7.0,7.0,0.0,0.0,7.0,0.0,19.0,0.0,0.0,0.0,0.0,0.0,6.0,7.0,17.0,IL,4.9,46096.0,70.8,Marion County,"52,818",15.1,44517
170,24,62,Marion,17.0,0.0,0.0,0.0,0.0,9.0,7.0,7.0,0.0,0.0,7.0,0.0,19.0,0.0,0.0,0.0,0.0,0.0,6.0,7.0,17.0,IL,4.9,46096.0,70.8,Marion County,"1,884",22.8,39114
171,24,62,Marion,17.0,0.0,0.0,0.0,0.0,9.0,7.0,7.0,0.0,0.0,7.0,0.0,19.0,0.0,0.0,0.0,0.0,0.0,6.0,7.0,17.0,IL,4.9,46096.0,70.8,Marion County,"7,154",19.5,46096
172,24,62,Marion,17.0,0.0,0.0,0.0,0.0,9.0,7.0,7.0,0.0,0.0,7.0,0.0,19.0,0.0,0.0,0.0,0.0,0.0,6.0,7.0,17.0,IL,4.9,46096.0,70.8,Marion County,"160,661",17.2,48409
173,24,62,Marion,17.0,0.0,0.0,0.0,0.0,9.0,7.0,7.0,0.0,0.0,7.0,0.0,19.0,0.0,0.0,0.0,0.0,0.0,6.0,7.0,17.0,IL,4.9,46096.0,70.8,Marion County,"2,938",9.2,63491
174,24,62,Marion,17.0,0.0,0.0,0.0,0.0,9.0,7.0,7.0,0.0,0.0,7.0,0.0,19.0,0.0,0.0,0.0,0.0,0.0,6.0,7.0,17.0,IL,4.9,46096.0,70.8,Marion County,"1,075",9.6,51712
175,24,62,Marion,17.0,0.0,0.0,0.0,0.0,9.0,7.0,7.0,0.0,0.0,7.0,0.0,19.0,0.0,0.0,0.0,0.0,0.0,6.0,7.0,17.0,IL,4.9,46096.0,70.8,Marion County,"3,229",17.1,45661
176,24,62,Marion,17.0,0.0,0.0,0.0,0.0,9.0,7.0,7.0,0.0,0.0,7.0,0.0,19.0,0.0,0.0,0.0,0.0,0.0,6.0,7.0,17.0,IL,4.9,46096.0,70.8,Marion County,"6,500",27.2,36408
177,24,62,Marion,17.0,0.0,0.0,0.0,0.0,9.0,7.0,7.0,0.0,0.0,7.0,0.0,19.0,0.0,0.0,0.0,0.0,0.0,6.0,7.0,17.0,IL,4.9,46096.0,70.8,Marion County,"3,686",13.5,49393
178,24,62,Marion,17.0,0.0,0.0,0.0,0.0,9.0,7.0,7.0,0.0,0.0,7.0,0.0,19.0,0.0,0.0,0.0,0.0,0.0,6.0,7.0,17.0,IL,4.9,46096.0,70.8,Marion County,"9,772",16.5,45419
179,24,62,Marion,17.0,0.0,0.0,0.0,0.0,9.0,7.0,7.0,0.0,0.0,7.0,0.0,19.0,0.0,0.0,0.0,0.0,0.0,6.0,7.0,17.0,IL,4.9,46096.0,70.8,Marion County,"48,997",14.5,56408
180,24,62,Marion,17.0,0.0,0.0,0.0,0.0,9.0,7.0,7.0,0.0,0.0,7.0,0.0,19.0,0.0,0.0,0.0,0.0,0.0,6.0,7.0,17.0,IL,4.9,46096.0,70.8,Marion County,"7,841",25.5,34365
181,24,62,Marion,17.0,0.0,0.0,0.0,0.0,9.0,7.0,7.0,0.0,0.0,7.0,0.0,19.0,0.0,0.0,0.0,0.0,0.0,6.0,7.0,17.0,IL,4.9,46096.0,70.8,Marion County,"4,337",15.3,50819
182,24,62,Marion,17.0,0.0,0.0,0.0,0.0,9.0,7.0,7.0,0.0,0.0,7.0,0.0,19.0,0.0,0.0,0.0,0.0,0.0,6.0,7.0,17.0,IL,4.9,46096.0,70.8,Marion County,"2,135",21.9,38011
183,24,62,Marion,17.0,0.0,0.0,0.0,0.0,9.0,7.0,7.0,0.0,0.0,7.0,0.0,19.0,0.0,0.0,0.0,0.0,0.0,6.0,7.0,17.0,IL,4.9,46096.0,70.8,Marion County,"9,084",16.6,46244
184,25,68,Monroe,49.0,4.0,0.0,0.0,0.0,0.0,8.0,8.0,0.0,17.0,29.0,0.0,13.0,0.0,0.0,0.0,0.0,0.0,7.0,32.0,0.0,IL,3.5,88481.0,136.0,Monroe County,"4,560",21.9,39556
185,25,68,Monroe,49.0,4.0,0.0,0.0,0.0,0.0,8.0,8.0,0.0,17.0,29.0,0.0,13.0,0.0,0.0,0.0,0.0,0.0,7.0,32.0,0.0,IL,3.5,88481.0,136.0,Monroe County,"1,769",26.0,32922
186,25,68,Monroe,49.0,4.0,0.0,0.0,0.0,0.0,8.0,8.0,0.0,17.0,29.0,0.0,13.0,0.0,0.0,0.0,0.0,0.0,7.0,32.0,0.0,IL,3.5,88481.0,136.0,Monroe County,"8,859",12.0,67094
187,25,68,Monroe,49.0,4.0,0.0,0.0,0.0,0.0,8.0,8.0,0.0,17.0,29.0,0.0,13.0,0.0,0.0,0.0,0.0,0.0,7.0,32.0,0.0,IL,3.5,88481.0,136.0,Monroe County,"3,411",13.0,59362
188,25,68,Monroe,49.0,4.0,0.0,0.0,0.0,0.0,8.0,8.0,0.0,17.0,29.0,0.0,13.0,0.0,0.0,0.0,0.0,0.0,7.0,32.0,0.0,IL,3.5,88481.0,136.0,Monroe County,"1,446",4.3,88481
189,25,68,Monroe,49.0,4.0,0.0,0.0,0.0,0.0,8.0,8.0,0.0,17.0,29.0,0.0,13.0,0.0,0.0,0.0,0.0,0.0,7.0,32.0,0.0,IL,3.5,88481.0,136.0,Monroe County,"28,177",21.4,48883
190,25,68,Monroe,49.0,4.0,0.0,0.0,0.0,0.0,8.0,8.0,0.0,17.0,29.0,0.0,13.0,0.0,0.0,0.0,0.0,0.0,7.0,32.0,0.0,IL,3.5,88481.0,136.0,Monroe County,885,11.6,56541
191,25,68,Monroe,49.0,4.0,0.0,0.0,0.0,0.0,8.0,8.0,0.0,17.0,29.0,0.0,13.0,0.0,0.0,0.0,0.0,0.0,7.0,32.0,0.0,IL,3.5,88481.0,136.0,Monroe County,"2,415",23.0,35596
192,25,68,Monroe,49.0,4.0,0.0,0.0,0.0,0.0,8.0,8.0,0.0,17.0,29.0,0.0,13.0,0.0,0.0,0.0,0.0,0.0,7.0,32.0,0.0,IL,3.5,88481.0,136.0,Monroe County,"14,891",10.0,62522
193,25,68,Monroe,49.0,4.0,0.0,0.0,0.0,0.0,8.0,8.0,0.0,17.0,29.0,0.0,13.0,0.0,0.0,0.0,0.0,0.0,7.0,32.0,0.0,IL,3.5,88481.0,136.0,Monroe County,"5,750",16.4,44681
194,25,68,Monroe,49.0,4.0,0.0,0.0,0.0,0.0,8.0,8.0,0.0,17.0,29.0,0.0,13.0,0.0,0.0,0.0,0.0,0.0,7.0,32.0,0.0,IL,3.5,88481.0,136.0,Monroe County,"1,158",13.6,46216
195,25,68,Monroe,49.0,4.0,0.0,0.0,0.0,0.0,8.0,8.0,0.0,17.0,29.0,0.0,13.0,0.0,0.0,0.0,0.0,0.0,7.0,32.0,0.0,IL,3.5,88481.0,136.0,Monroe County,"103,620",14.4,60240
196,25,68,Monroe,49.0,4.0,0.0,0.0,0.0,0.0,8.0,8.0,0.0,17.0,29.0,0.0,13.0,0.0,0.0,0.0,0.0,0.0,7.0,32.0,0.0,IL,3.5,88481.0,136.0,Monroe County,"1,917",14.1,46314
197,25,68,Monroe,49.0,4.0,0.0,0.0,0.0,0.0,8.0,8.0,0.0,17.0,29.0,0.0,13.0,0.0,0.0,0.0,0.0,0.0,7.0,32.0,0.0,IL,3.5,88481.0,136.0,Monroe County,"20,202",12.3,63318
198,25,68,Monroe,49.0,4.0,0.0,0.0,0.0,0.0,8.0,8.0,0.0,17.0,29.0,0.0,13.0,0.0,0.0,0.0,0.0,0.0,7.0,32.0,0.0,IL,3.5,88481.0,136.0,Monroe County,"7,151",15.7,45566
199,25,68,Monroe,49.0,4.0,0.0,0.0,0.0,0.0,8.0,8.0,0.0,17.0,29.0,0.0,13.0,0.0,0.0,0.0,0.0,0.0,7.0,32.0,0.0,IL,3.5,88481.0,136.0,Monroe County,"1,960",14.9,38171
200,25,68,Monroe,49.0,4.0,0.0,0.0,0.0,0.0,8.0,8.0,0.0,17.0,29.0,0.0,13.0,0.0,0.0,0.0,0.0,0.0,7.0,32.0,0.0,IL,3.5,88481.0,136.0,Monroe County,"5,972",13.2,58391
201,26,70,Morgan,10.0,1.0,0.0,0.0,0.0,0.0,0.0,0.0,0.0,0.0,6.0,0.0,0.0,0.0,0.0,0.0,0.0,0.0,6.0,0.0,0.0,IL,4.4,48976.0,75.3,Morgan County,"15,419",13.2,52797
202,26,70,Morgan,10.0,1.0,0.0,0.0,0.0,0.0,0.0,0.0,0.0,0.0,6.0,0.0,0.0,0.0,0.0,0.0,0.0,0.0,6.0,0.0,0.0,IL,4.4,48976.0,75.3,Morgan County,"3,409",12.2,55387
203,26,70,Morgan,10.0,1.0,0.0,0.0,0.0,0.0,0.0,0.0,0.0,0.0,6.0,0.0,0.0,0.0,0.0,0.0,0.0,0.0,6.0,0.0,0.0,IL,4.4,48976.0,75.3,Morgan County,"2,374",12.7,57978
204,26,70,Morgan,10.0,1.0,0.0,0.0,0.0,0.0,0.0,0.0,0.0,0.0,6.0,0.0,0.0,0.0,0.0,0.0,0.0,0.0,6.0,0.0,0.0,IL,4.4,48976.0,75.3,Morgan County,"4,694",15.2,48976
205,26,70,Morgan,10.0,1.0,0.0,0.0,0.0,0.0,0.0,0.0,0.0,0.0,6.0,0.0,0.0,0.0,0.0,0.0,0.0,0.0,6.0,0.0,0.0,IL,4.4,48976.0,75.3,Morgan County,"7,339",10.6,66151
206,26,70,Morgan,10.0,1.0,0.0,0.0,0.0,0.0,0.0,0.0,0.0,0.0,6.0,0.0,0.0,0.0,0.0,0.0,0.0,0.0,6.0,0.0,0.0,IL,4.4,48976.0,75.3,Morgan County,"3,102",27.3,35848
207,26,70,Morgan,10.0,1.0,0.0,0.0,0.0,0.0,0.0,0.0,0.0,0.0,6.0,0.0,0.0,0.0,0.0,0.0,0.0,0.0,6.0,0.0,0.0,IL,4.4,48976.0,75.3,Morgan County,"3,250",16.3,45276
208,26,70,Morgan,10.0,1.0,0.0,0.0,0.0,0.0,0.0,0.0,0.0,0.0,6.0,0.0,0.0,0.0,0.0,0.0,0.0,0.0,6.0,0.0,0.0,IL,4.4,48976.0,75.3,Morgan County,"2,443",17.0,40557
209,26,70,Morgan,10.0,1.0,0.0,0.0,0.0,0.0,0.0,0.0,0.0,0.0,6.0,0.0,0.0,0.0,0.0,0.0,0.0,0.0,6.0,0.0,0.0,IL,4.4,48976.0,75.3,Morgan County,"3,919",20.4,40397
210,26,70,Morgan,10.0,1.0,0.0,0.0,0.0,0.0,0.0,0.0,0.0,0.0,6.0,0.0,0.0,0.0,0.0,0.0,0.0,0.0,6.0,0.0,0.0,IL,4.4,48976.0,75.3,Morgan County,478,4.0,98875
211,26,70,Morgan,10.0,1.0,0.0,0.0,0.0,0.0,0.0,0.0,0.0,0.0,6.0,0.0,0.0,0.0,0.0,0.0,0.0,0.0,6.0,0.0,0.0,IL,4.4,48976.0,75.3,Morgan County,"1,894",10.8,49487
212,27,72,Ogle,28.0,1.0,0.0,0.0,0.0,0.0,0.0,0.0,0.0,0.0,0.0,0.0,13.0,0.0,0.0,0.0,0.0,0.0,0.0,9.0,0.0,IL,5.0,61794.0,95.0,Ogle County,"4,223",8.4,61794
213,28,73,Peoria,33.0,1.0,0.0,0.0,0.0,0.0,6.0,0.0,0.0,0.0,0.0,0.0,0.0,0.0,0.0,0.0,0.0,0.0,0.0,6.0,0.0,IL,5.5,56478.0,86.8,Peoria County,"29,227",16.6,56478
214,29,80,Randolph,46.0,0.0,0.0,0.0,6.0,6.0,0.0,0.0,0.0,0.0,26.0,0.0,0.0,0.0,0.0,0.0,0.0,0.0,12.0,15.0,0.0,IL,4.4,53607.0,82.4,Randolph County,"4,375",19.7,40546
215,29,80,Randolph,46.0,0.0,0.0,0.0,6.0,6.0,0.0,0.0,0.0,0.0,26.0,0.0,0.0,0.0,0.0,0.0,0.0,0.0,12.0,15.0,0.0,IL,4.4,53607.0,82.4,Randolph County,"3,050",17.4,37799
216,29,80,Randolph,46.0,0.0,0.0,0.0,6.0,6.0,0.0,0.0,0.0,0.0,26.0,0.0,0.0,0.0,0.0,0.0,0.0,0.0,12.0,15.0,0.0,IL,4.4,53607.0,82.4,Randolph County,"2,008",30.8,28298
217,29,80,Randolph,46.0,0.0,0.0,0.0,6.0,6.0,0.0,0.0,0.0,0.0,26.0,0.0,0.0,0.0,0.0,0.0,0.0,0.0,12.0,15.0,0.0,IL,4.4,53607.0,82.4,Randolph County,"3,834",13.8,53607
218,29,80,Randolph,46.0,0.0,0.0,0.0,6.0,6.0,0.0,0.0,0.0,0.0,26.0,0.0,0.0,0.0,0.0,0.0,0.0,0.0,12.0,15.0,0.0,IL,4.4,53607.0,82.4,Randolph County,"3,322",13.6,46441
219,29,80,Randolph,46.0,0.0,0.0,0.0,6.0,6.0,0.0,0.0,0.0,0.0,26.0,0.0,0.0,0.0,0.0,0.0,0.0,0.0,12.0,15.0,0.0,IL,4.4,53607.0,82.4,Randolph County,"3,960",17.6,44975
220,29,80,Randolph,46.0,0.0,0.0,0.0,6.0,6.0,0.0,0.0,0.0,0.0,26.0,0.0,0.0,0.0,0.0,0.0,0.0,0.0,12.0,15.0,0.0,IL,4.4,53607.0,82.4,Randolph County,"19,631",13.8,48372
221,29,80,Randolph,46.0,0.0,0.0,0.0,6.0,6.0,0.0,0.0,0.0,0.0,26.0,0.0,0.0,0.0,0.0,0.0,0.0,0.0,12.0,15.0,0.0,IL,4.4,53607.0,82.4,Randolph County,"5,128",19.4,40064
222,30,82,Rock Island,138.0,4.0,0.0,0.0,14.0,7.0,24.0,6.0,0.0,0.0,25.0,6.0,39.0,0.0,0.0,19.0,0.0,0.0,52.0,40.0,0.0,IL,5.2,52642.0,80.9,Rock Island County,"19,754",14.2,52642
223,31,83,St. Clair,225.0,10.0,0.0,0.0,0.0,7.0,10.0,12.0,0.0,0.0,41.0,50.0,46.0,0.0,0.0,0.0,0.0,0.0,58.0,82.0,0.0,IL,5.0,58222.0,89.5,St. Clair County,"10,432",12.0,57284
224,31,83,St. Clair,225.0,10.0,0.0,0.0,0.0,7.0,10.0,12.0,0.0,0.0,41.0,50.0,46.0,0.0,0.0,0.0,0.0,0.0,58.0,82.0,0.0,IL,5.0,58222.0,89.5,St. Clair County,"38,065",14.8,58222
225,31,83,St. Clair,225.0,10.0,0.0,0.0,0.0,7.0,10.0,12.0,0.0,0.0,41.0,50.0,46.0,0.0,0.0,0.0,0.0,0.0,58.0,82.0,0.0,IL,5.0,58222.0,89.5,St. Clair County,"21,745",13.8,56557
226,31,83,St. Clair,225.0,10.0,0.0,0.0,0.0,7.0,10.0,12.0,0.0,0.0,41.0,50.0,46.0,0.0,0.0,0.0,0.0,0.0,58.0,82.0,0.0,IL,5.0,58222.0,89.5,St. Clair County,"1,669",18.2,37013
227,32,85,Sangamon,50.0,3.0,0.0,0.0,0.0,0.0,0.0,0.0,0.0,0.0,7.0,0.0,0.0,0.0,0.0,0.0,0.0,0.0,0.0,8.0,0.0,IL,4.3,62242.0,95.7,Sangamon County,"25,172",13.1,62242
228,33,90,Stephenson,9.0,0.0,0.0,0.0,0.0,0.0,0.0,0.0,0.0,0.0,0.0,0.0,0.0,0.0,0.0,0.0,0.0,0.0,0.0,0.0,0.0,IL,4.8,47357.0,72.8,Stephenson County,"5,555",12.7,47357
229,34,91,Tazewell,21.0,3.0,0.0,0.0,0.0,0.0,0.0,0.0,0.0,0.0,7.0,0.0,0.0,0.0,0.0,0.0,0.0,0.0,6.0,0.0,0.0,IL,4.9,61508.0,94.5,Tazewell County,"12,465",9.6,61508
230,34,91,Tazewell,21.0,3.0,0.0,0.0,0.0,0.0,0.0,0.0,0.0,0.0,7.0,0.0,0.0,0.0,0.0,0.0,0.0,0.0,6.0,0.0,0.0,IL,4.9,61508.0,94.5,Tazewell County,"7,104",18.2,42074
231,35,100,Whiteside,29.0,3.0,0.0,0.0,0.0,0.0,0.0,0.0,0.0,0.0,0.0,0.0,8.0,0.0,0.0,0.0,0.0,0.0,7.0,8.0,0.0,IL,4.6,57197.0,87.9,Whiteside County,"5,732",10.5,57197
232,36,101,Will,1433.0,81.0,0.0,78.0,169.0,291.0,277.0,155.0,62.0,60.0,319.0,247.0,543.0,7.0,19.0,81.0,0.0,0.0,651.0,711.0,0.0,IL,4.0,86108.0,132.3,Will County,"44,038",6.4,86108
233,37,102,Williamson,12.0,0.0,0.0,0.0,0.0,0.0,0.0,0.0,0.0,0.0,0.0,0.0,0.0,0.0,0.0,0.0,0.0,0.0,0.0,0.0,0.0,IL,5.1,46187.0,71.0,Williamson County,"9,356",14.4,46187
234,37,102,Williamson,12.0,0.0,0.0,0.0,0.0,0.0,0.0,0.0,0.0,0.0,0.0,0.0,0.0,0.0,0.0,0.0,0.0,0.0,0.0,0.0,0.0,IL,5.1,46187.0,71.0,Williamson County,"8,794",3.8,115930
235,37,102,Williamson,12.0,0.0,0.0,0.0,0.0,0.0,0.0,0.0,0.0,0.0,0.0,0.0,0.0,0.0,0.0,0.0,0.0,0.0,0.0,0.0,0.0,IL,5.1,46187.0,71.0,Williamson County,"35,829",6.4,87817
236,38,103,Winnebago,112.0,4.0,0.0,0.0,0.0,0.0,6.0,0.0,0.0,0.0,14.0,0.0,0.0,0.0,0.0,0.0,0.0,0.0,13.0,33.0,0.0,IL,5.7,53795.0,82.7,Winnebago County,"45,006",16.1,53795
237,38,103,Winnebago,112.0,4.0,0.0,0.0,0.0,0.0,6.0,0.0,0.0,0.0,14.0,0.0,0.0,0.0,0.0,0.0,0.0,0.0,13.0,33.0,0.0,IL,5.7,53795.0,82.7,Winnebago County,912,9.1,54433
238,38,103,Winnebago,112.0,4.0,0.0,0.0,0.0,0.0,6.0,0.0,0.0,0.0,14.0,0.0,0.0,0.0,0.0,0.0,0.0,0.0,13.0,33.0,0.0,IL,5.7,53795.0,82.7,Winnebago County,"16,915",10.4,57785
